{
  "id": "fbd6562e-5b3a-498c-a7a2-774654eae3b3",
  "prefix": "CD",
  "description": "Create description",
  "body": "dbo.ufn_sys_BH(N'$VietNamese$', '$English$', '', N'$Chinese$', N'$Japanese$', N'$Korea$', @_LangId),",
  "placeholders": [
    {
      "name": "VietNamese",
      "defaultValue": null
    },
    {
      "name": "English",
      "defaultValue": null
    },
    {
      "name": "Chinese",
      "defaultValue": "''"
    },
    {
      "name": "Japanese",
      "defaultValue": "''"
    },
    {
      "name": "Korea",
      "defaultValue": "''"
    }
  ]
}