{
  "id": "79bf42ad-8683-454c-a086-bae4fd2b4ff7",
  "prefix": "cfs",
  "description": "Create Scalar-valued Funtions",
  "body": "SET ANSI_NULLS ON\r\nGO\r\nSET QUOTED_IDENTIFIER ON\r\nGO\r\n-- =============================================\r\n-- Author:\t\t$Author$\r\n-- Create date: $DATE$\r\n-- Description:\t$Description$\r\n-- =============================================\r\nCREATE FUNCTION $Funtion_Name$\r\n(\r\n\t-- Add the parameters for the function here\r\n\t<@Param1, sysname, @p1> <Data_Type_For_Param1, , int>\r\n)\r\nRETURNS $Return_Type$\r\nAS\r\nBEGIN\r\n\t-- Declare the return variable here\r\n\tDECLARE @Result $Return_Type$\r\n\r\n\t-- Add the T-SQL statements to compute the return value here\r\n\tSELECT <@ResultVar, sysname, @Result> = <@Param1, sysname, @p1>\r\n\r\n\t-- Return the result of the function\r\n\tRETURN @Result\r\n\r\nEND\r\nGO\r\n\r\n",
  "placeholders": [
    {
      "name": "Author",
      "defaultValue": "Longdd"
    },
    {
      "name": "Description",
      "defaultValue": null
    },
    {
      "name": "Funtion_Name",
      "defaultValue": null
    },
    {
      "name": "Return_Type",
      "defaultValue": null
    }
  ]
}