{
  "id": "684e363d-0778-41bf-97d6-337eff0fe495",
  "prefix": "cft",
  "description": "Create Table-valued Funtion",
  "body": "SET ANSI_NULLS ON\r\nGO\r\nSET QUOTED_IDENTIFIER ON\r\nGO\r\n-- =============================================\r\n-- Author:\t\t$Author$\r\n-- Create date: $DATE$\r\n-- Description:\t$Description$\r\n-- =============================================\r\nCREATE FUNCTION $Funtion_Name$\r\n(\r\n\t-- Add the parameters for the function here\r\n\t<@param1, sysname, @p1> <data_type_for_param1, , int>, \r\n\t<@param2, sysname, @p2> <data_type_for_param2, , char>\r\n)\r\nRETURNS \r\n@Result TABLE \r\n(\r\n\t-- Add the column definitions for the TABLE variable here\r\n\t<Column_1, sysname, c1> <Data_Type_For_Column1, , int>, \r\n\t<Column_2, sysname, c2> <Data_Type_For_Column2, , int>\r\n)\r\nAS\r\nBEGIN\r\n\t-- Fill the table variable with the rows for your result set\r\n\t\r\n\tRETURN \r\nEND\r\nGO",
  "placeholders": [
    {
      "name": "Author",
      "defaultValue": "Longdd"
    },
    {
      "name": "Description",
      "defaultValue": null
    },
    {
      "name": "Funtion_Name",
      "defaultValue": null
    }
  ]
}