{
  "id": "5589a278-c48b-4b36-af30-4f879ff0f8fa",
  "prefix": "clrp",
  "description": "Create CLR stored procedure",
  "body": "--SET QUOTED_IDENTIFIER ON|OFF\r\n--SET ANSI_NULLS ON|OFF\r\n--GO\r\n\r\nCREATE PROCEDURE $procedure_name$\r\n(\r\n    @parameter_name AS INT\r\n)\r\n-- WITH EXECUTE AS CALLER|SELF|OWNER| 'user_name'\r\nAS EXTERNAL NAME $external_name$\r\nGO\r\n\r\n--SET QUOTED_IDENTIFIER ON|OFF\r\n--SET ANSI_NULLS ON|OFF\r\n--GO",
  "placeholders": [
    {
      "name": "external_name",
      "defaultValue": "[assembly].[class].[method]"
    },
    {
      "name": "procedure_name",
      "defaultValue": "[schema].[procedure_name]"
    }
  ]
}