{
  "id": "1884210c-0cff-466e-981a-8add08b9b504",
  "prefix": "cp",
  "description": "Create stored procedure",
  "body": "SET ANSI_NULLS ON\r\nGO\r\nSET QUOTED_IDENTIFIER ON\r\nGO\r\n-- =============================================\r\n-- Author:\t\t$Author$\r\n-- Create date: $DATE$\r\n-- Description:\t$Description$\r\n-- =============================================\r\nCREATE PROCEDURE $Procedure_Name$ \r\n\t@_DocDate1 DATE = NULL OUTPUT,\r\n\t@_DocDate2 DATE = NULL OUTPUT,\r\n\t@_BranchCode VARCHAR(3) = 'A01',\r\n\t@_nUserId INT = 0,\r\n\t@_LangId INT = 0,\r\n\t@_LAYOUT_XML NVARCHAR(MAX)\t= '' OUTPUT\r\nAS\r\nBEGIN\r\n\tSET NOCOUNT ON;\r\n    \r\nEND\r\nGO",
  "placeholders": [
    {
      "name": "Procedure_Name",
      "defaultValue": null
    },
    {
      "name": "Author",
      "defaultValue": "Longdd"
    },
    {
      "name": "Description",
      "defaultValue": null
    }
  ]
}