{
  "id": "c6025236-7fe1-4b46-af4b-a8fd23cebbb3",
  "prefix": "cplo",
  "description": "COPY LAYOUT",
  "body": "DECLARE @_CommandKey NVARCHAR(32) = '$Command$',\r\n\t\t@_CommandKey_Copy NVARCHAR(32) = '$Command_Copy$',\r\n\t\t@_Max_Id int = 0\r\n\r\nSELECT @_Max_Id = MAX(Id)\r\nFROM dbo.B00Layout\r\n\r\nDROP TABLE IF EXISTS #Layout\r\n\r\nSELECT @_Max_Id + ROW_NUMBER()OVER(ORDER BY a.Id) AS Id, a.IsTemplate, REPLACE(a.FormName,@_CommandKey_Copy,@_CommandKey) AS FormName,\r\n\ta.LayoutName, b.LayoutData\r\nINTO #Layout\r\nFROM dbo.B00Layout a\r\n\tINNER JOIN dbo.B00LayoutData b ON b.Id = a.Id\r\nWHERE a.FormName = @_CommandKey_Copy\r\n\tOR a.FormName = 'EDIT_' + @_CommandKey_Copy\r\n\r\nSELECT * FROM #Layout\r\n\r\nSET IDENTITY_INSERT dbo.B00Layout ON;\r\n\r\nINSERT INTO B00Layout (Id, IsTemplate, FormName, LayoutName)\r\nSELECT Id, IsTemplate, FormName, LayoutName FROM #Layout\r\n\r\nSET IDENTITY_INSERT dbo.B00Layout OFF;\r\n\r\nINSERT INTO B00LayoutData (Id, LayoutData)\r\nSELECT Id, LayoutData FROM #Layout",
  "placeholders": [
    {
      "name": "Command_Copy",
      "defaultValue": null
    },
    {
      "name": "Command",
      "defaultValue": null
    }
  ]
}