{
  "id": "3f8f70dd-06cd-4714-a5c4-f4485b009565",
  "prefix": "csf",
  "description": "Create scalar function",
  "body": "-- =============================================\r\n-- Author:\t\t$Author$\r\n-- Create date: $DATE$\r\n-- Description:\t$Description$\r\n-- =============================================\r\nCREATE FUNCTION $function_name$\r\n(\r\n\t@parameter_name AS INT\r\n)\r\nRETURNS INT\r\n--WITH ENCRYPTION|SCHEMABINDING, ...\r\nAS\r\nBEGIN\r\n    RETURN $SELECTEDTEXT$$CURSOR$\r\nEND\r\nGO\r\n",
  "placeholders": [
    {
      "name": "function_name",
      "defaultValue": "[schema].[function_name]"
    },
    {
      "name": "Author",
      "defaultValue": null
    },
    {
      "name": "Description",
      "defaultValue": null
    }
  ]
}