{
  "id": "f45c0b80-72ee-44fb-bad3-48fb9b306836",
  "prefix": "cuni",
  "description": "Create unique nonclustered index",
  "body": "CREATE UNIQUE NONCLUSTERED INDEX $index_name$\r\nON $owner$ ( $column$ )\r\n--WITH PAD_INDEX\r\n--    | FILLFACTOR = fillfactor\r\n--    | IGNORE_DUP_KEY\r\n--    | DROP_EXISTING\r\n--    | STATISTICS_NORECOMPUTE\r\n--    | SORT_IN_TEMPDB, .. as required\r\n-- ON filegroup\r\nGO\r\n",
  "placeholders": [
    {
      "name": "owner",
      "defaultValue": "[schema].[index_name]"
    },
    {
      "name": "column",
      "defaultValue": ""
    },
    {
      "name": "index_name",
      "defaultValue": ""
    }
  ]
}