{
  "id": "ba69723a-e5ad-4ad8-9976-dccfadbdc19f",
  "prefix": "curff",
  "description": "Fast-forward read-only cursor",
  "body": "/* declare variables */\r\nDECLARE @variable INT\r\n\r\nDECLARE $cursor_name$ CURSOR FAST_FORWARD READ_ONLY FOR $select_statement$\r\n\r\nOPEN $cursor_name$\r\n\r\nFETCH NEXT FROM $cursor_name$ INTO @variable\r\n\r\nWHILE @@FETCH_STATUS = 0\r\nBEGIN\r\n    $CURSOR$\r\n\r\n    FETCH NEXT FROM $cursor_name$ INTO @variable\r\nEND\r\n\r\nCLOSE $cursor_name$\r\nDEALLOCATE $cursor_name$",
  "placeholders": [
    {
      "name": "cursor_name",
      "defaultValue": ""
    },
    {
      "name": "select_statement",
      "defaultValue": ""
    }
  ]
}