{
  "id": "135d4820-6adc-419b-bc6b-95c1deb71865",
  "prefix": "cvlsn",
  "description": "convert lsn",
  "body": "SET NOCOUNT ON;\r\n\r\nDECLARE @LSN NVARCHAR(46);\r\nDECLARE @LSN_HEX NVARCHAR(25);\r\n\r\nDECLARE @tbl TABLE (id INT IDENTITY(1, 1), i VARCHAR(10));\r\n\r\nDECLARE @stmt VARCHAR(256);\r\n\r\nSET @LSN=N'$LSN$';\r\n\r\nSET @stmt='SELECT CAST(0x'+SUBSTRING(@LSN, 1, 8)+' AS INT)';\r\n\r\nINSERT  @tbl\r\nEXEC (@stmt);\r\n\r\nSET @stmt='SELECT CAST(0x'+SUBSTRING(@LSN, 10, 8)+' AS INT)';\r\n\r\nINSERT  @tbl\r\nEXEC (@stmt);\r\n\r\nSET @stmt='SELECT CAST(0x'+SUBSTRING(@LSN, 19, 4)+' AS INT)';\r\n\r\nINSERT  @tbl\r\nEXEC (@stmt);\r\n\r\nSET @LSN_HEX= (SELECT   i FROM  @tbl WHERE  id=1) +N':'+ (SELECT    i FROM  @tbl WHERE  id=2) +N':'+ (SELECT    i FROM  @tbl WHERE  id=3);\r\n\r\nPRINT @LSN_HEX;",
  "placeholders": [
    {
      "name": "LSN",
      "defaultValue": null
    }
  ]
}