{
  "id": "0ddfed10-6dba-496d-b1c7-39bd5e39b3f6",
  "prefix": "ExecGenKey",
  "description": "EXECUTE usp_sys_GenKey",
  "body": "EXECUTE dbo.usp_sys_GenKey @_Code = $Declare$, @_ColGen = '$ColumnName$',   \r\n\t\t\t@_ColName = 'Id', @_TableName = '$B20_Table$',   \r\n\t\t\t@_AndOrKey = 'AND', @_Key = @_Key OUTPUT",
  "placeholders": [
    {
      "name": "Declare",
      "defaultValue": null
    },
    {
      "name": "ColumnName",
      "defaultValue": null
    },
    {
      "name": "B20_Table",
      "defaultValue": null
    }
  ]
}