{
  "id": "63beb987-30c3-423c-aafb-e79b35180dbb",
  "prefix": "lbcode",
  "description": "labour code",
  "body": "CAST('' AS NVARCHAR(24)) AS $AllowanceName$_ALLOWANCE_Code, CAST(0 AS Float) AS $AllowanceName$_ALLOWANCE_Level, CAST(0 AS Float) AS $AllowanceName$_ALLOWANCE_Amount,\r\n        $AllowanceName$_ALLOWANCE_Code dbo.CodeType, $AllowanceName$_ALLOWANCE_Level Float, $AllowanceName$_ALLOWANCE_Amount Float,\r\nGO\r\n                    <NotNull_$AllowanceName$_ALLOWANCE_Level>\r\n                        <ClassName>BravoNullValidator</ClassName>\r\n                        <SourceColumn>$AllowanceName$_ALLOWANCE_Level,$AllowanceName$_ALLOWANCE_Code</SourceColumn>\r\n                        <TargetColumn>$AllowanceName$_ALLOWANCE_Level</TargetColumn>\r\n                        <zValidateExpr>EMPTY($AllowanceName$_ALLOWANCE_Code) OR $AllowanceName$_ALLOWANCE_Level IS NOT NULL</zValidateExpr>\r\n                    </NotNull_$AllowanceName$_ALLOWANCE_Level>\r\nGO\r\n<$AllowanceName$_ALLOWANCE_Code>\r\n                                <Editor>\r\n                                    <ClassName>BravoLookupBox</ClassName>\r\n                                    <zLookupSource>vB20HrmOther_Payroll</zLookupSource>\r\n                                    <zValueMember>Code</zValueMember>\r\n                                    <zDisplayTextMember>Name</zDisplayTextMember>\r\n                                </Editor>\r\n                                <Style>TextAlign:LeftTop;</Style>\r\n                                <Width>100</Width>\r\n                                <Rows>\r\n                                    <Row_0>\r\n                                        <Text>\r\n                                            <Vietnamese>$Name$</Vietnamese>\r\n                                            <English>$Name_English$</English>\r\n                                        </Text>\r\n                                        <Style>Font:,,style=Bold;TextAlign:CenterCenter;UserData:$AllowanceName$_ALLOWANCE;</Style>\r\n                                    </Row_0>\r\n                                    <Row_1>\r\n                                        <Style>UserData:$AllowanceName$_ALLOWANCE_Code;</Style>\r\n                                        <Text>\r\n                                            <Vietnamese>Thang/bậc lương</Vietnamese>\r\n                                            <English>Coefficient</English>\r\n                                            <Chinese>系数</Chinese>\r\n                                            <Japanese>係数</Japanese>\r\n                                            <Korean>계수.</Korean>\r\n                                        </Text>\r\n                                    </Row_1>\r\n                                </Rows>\r\n                            </$AllowanceName$_ALLOWANCE_Code>\r\n                            <$AllowanceName$_ALLOWANCE_Level>\r\n                                <Editor />\r\n                                <Style>TextAlign:RightTop;Format:\"N0\";</Style>\r\n                                <Width>60</Width>\r\n                                <Rows>\r\n                                    <Row_0>\r\n                                        <Style>Font:,,style=Bold;TextAlign:CenterCenter;UserData:$AllowanceName$_ALLOWANCE;</Style>\r\n                                    </Row_0>\r\n                                    <Row_1>\r\n                                        <Style>UserData:$AllowanceName$_ALLOWANCE_Level;</Style>\r\n                                        <Text>\r\n                                            <Vietnamese>Bậc lương</Vietnamese>\r\n                                            <English>Level</English>\r\n                                            <Chinese>系数</Chinese>\r\n                                            <Japanese>係数</Japanese>\r\n                                            <Korean>계수.</Korean>\r\n                                        </Text>\r\n                                    </Row_1>\r\n                                </Rows>\r\n                            </$AllowanceName$_ALLOWANCE_Level>\r\n                            <$AllowanceName$_ALLOWANCE_Amount>\r\n                                <Editor>\r\n                                    <ClassName>BravoNumericInputBox</ClassName>\r\n                                    <Expr>!EMPTY($AllowanceName$_ALLOWANCE_Code)</Expr>\r\n                                </Editor>\r\n                                <Style>TextAlign:RightTop;Format:\"C\";</Style>\r\n                                <Width>80</Width>\r\n                                <Rows>\r\n                                    <Row_0>\r\n                                        <Style>Font:,,style=Bold;TextAlign:CenterCenter;UserData:$AllowanceName$_ALLOWANCE;</Style>\r\n                                    </Row_0>\r\n                                    <Row_1>\r\n                                        <Style>UserData:$AllowanceName$_ALLOWANCE_Amount;</Style>\r\n                                        <Text>\r\n                                            <Vietnamese>Số tiền</Vietnamese>\r\n                                            <English>Amount</English>\r\n                                            <Chinese>量</Chinese>\r\n                                            <Japanese>量</Japanese>\r\n                                            <Korean>양</Korean>\r\n                                        </Text>\r\n                                    </Row_1>\r\n                                </Rows>\r\n                            </$AllowanceName$_ALLOWANCE_Amount>\r\n",
  "placeholders": [
    {
      "name": "AllowanceName",
      "defaultValue": null
    },
    {
      "name": "Name",
      "defaultValue": null
    },
    {
      "name": "Name_English",
      "defaultValue": null
    }
  ]
}