{
  "id": "48a8a777-1ce7-445c-83c7-75e5f5fa16e7",
  "prefix": "ParBoundary",
  "description": "Determine the boundary values for a partitioned table",
  "body": "SELECT SCHEMA_NAME(t.schema_id) AS SchemaName, t.name AS TableName, i.name AS IndexName,\r\n    p.partition_number, p.partition_id, i.data_space_id, f.function_id, f.type_desc,\r\n    r.boundary_id, r.value AS BoundaryValue\r\nFROM sys.tables AS t\r\nJOIN sys.indexes AS i\r\n    ON t.object_id = i.object_id\r\nJOIN sys.partitions AS p\r\n    ON i.object_id = p.object_id AND i.index_id = p.index_id\r\nJOIN  sys.partition_schemes AS s\r\n    ON i.data_space_id = s.data_space_id\r\nJOIN sys.partition_functions AS f\r\n    ON s.function_id = f.function_id\r\nLEFT JOIN sys.partition_range_values AS r\r\n    ON f.function_id = r.function_id and r.boundary_id = p.partition_number\r\nWHERE\r\n    t.name = '$TableName$'\r\n    AND i.type <= 1\r\nORDER BY SchemaName, t.name, i.name, p.partition_number;",
  "placeholders": [
    {
      "name": "TableName",
      "defaultValue": null
    }
  ]
}