{
  "id": "3d0271d3-fc50-476a-a800-98096c6fa89c",
  "prefix": "ParColumn",
  "description": "Determine the partition column for a partitioned table",
  "body": "SELECT\r\n    t.[object_id] AS ObjectID\r\n    , SCHEMA_NAME(t.schema_id) AS SchemaName\r\n    , t.name AS TableName\r\n    , ic.column_id AS PartitioningColumnID\r\n    , c.name AS PartitioningColumnName\r\n    , i.name as IndexName\r\nFROM sys.tables AS t\r\nJOIN sys.indexes AS i\r\n    ON t.[object_id] = i.[object_id]\r\n    AND i.[type] <= 1 -- clustered index or a heap\r\nJOIN sys.partition_schemes AS ps\r\n    ON ps.data_space_id = i.data_space_id\r\nJOIN sys.index_columns AS ic\r\n    ON ic.[object_id] = i.[object_id]\r\n    AND ic.index_id = i.index_id\r\n    AND ic.partition_ordinal >= 1 -- because 0 = non-partitioning column\r\nJOIN sys.columns AS c\r\n    ON t.[object_id] = c.[object_id]\r\n    AND ic.column_id = c.column_id\r\nWHERE t.name = '$TableName$';\r\nGO",
  "placeholders": [
    {
      "name": "TableName",
      "defaultValue": null
    }
  ]
}