{
  "id": "0f97260a-282c-41d5-a59f-8a11f05b94f0",
  "prefix": "ParRows",
  "description": "Determine the rows describe the possible range of values in each partition",
  "body": "SELECT SCHEMA_NAME(t.schema_id) AS SchemaName, t.name AS TableName, i.name AS IndexName,\r\n    p.partition_number AS PartitionNumber, f.name AS PartitionFunctionName, p.rows AS Rows, rv.value AS BoundaryValue,\r\nCASE WHEN ISNULL(rv.value, rv2.value) IS NULL THEN 'N/A'\r\nELSE\r\n    CASE WHEN f.boundary_value_on_right = 0 AND rv2.value IS NULL THEN '>='\r\n        WHEN f.boundary_value_on_right = 0 THEN '>'\r\n        ELSE '>='\r\n    END + ' ' + ISNULL(CONVERT(varchar(64), rv2.value), 'Min Value') + ' ' +\r\n        CASE f.boundary_value_on_right WHEN 1 THEN 'and <'\r\n                ELSE 'and <=' END\r\n        + ' ' + ISNULL(CONVERT(varchar(64), rv.value), 'Max Value')\r\nEND AS TextComparison\r\nFROM sys.tables AS t\r\nJOIN sys.indexes AS i\r\n    ON t.object_id = i.object_id\r\nJOIN sys.partitions AS p\r\n    ON i.object_id = p.object_id AND i.index_id = p.index_id\r\nJOIN  sys.partition_schemes AS s\r\n    ON i.data_space_id = s.data_space_id\r\nJOIN sys.partition_functions AS f\r\n    ON s.function_id = f.function_id\r\nLEFT JOIN sys.partition_range_values AS r\r\n    ON f.function_id = r.function_id and r.boundary_id = p.partition_number\r\nLEFT JOIN sys.partition_range_values AS rv\r\n    ON f.function_id = rv.function_id\r\n    AND p.partition_number = rv.boundary_id\r\nLEFT JOIN sys.partition_range_values AS rv2\r\n    ON f.function_id = rv2.function_id\r\n    AND p.partition_number - 1= rv2.boundary_id\r\nWHERE\r\n    t.name = '$TableName$'\r\n    AND i.type <= 1\r\nORDER BY t.name, p.partition_number;",
  "placeholders": [
    {
      "name": "TableName",
      "defaultValue": null
    }
  ]
}