{
  "id": "9cb27611-32d0-4a4f-9277-28da4640044d",
  "prefix": "PriExeProc",
  "description": "privileges run procedure",
  "body": "SELECT s.name AS SchemaName, o.name AS ObjectName, dp.name AS PrincipalName, dperm.type AS PermissionType,\r\n\t\tdperm.permission_name AS PermissionName, dperm.state AS PermissionState,\r\n\t\tdperm.state_desc AS PermissionStateDescription\r\nFROM sys.objects o\r\n    INNER JOIN sys.schemas s ON o.schema_id = s.schema_id\r\n    INNER JOIN sys.database_permissions dperm ON o.object_id = dperm.major_id\r\n    INNER JOIN sys.database_principals dp ON dperm.grantee_principal_id = dp.principal_id\r\nWHERE dperm.class = 1 --object or column\r\n      AND dperm.type = 'EX'\r\n      --AND dp.name = '$user_name$'\r\n      --AND o.name = '$object_name$';",
  "placeholders": [
    {
      "name": "user_name",
      "defaultValue": null
    },
    {
      "name": "object_name",
      "defaultValue": null
    }
  ]
}