{
  "id": "7384ad27-d7ce-4290-9e4d-fe17c1bb7be6",
  "prefix": "waitbydb",
  "description": "show wait by db",
  "body": "DECLARE @dbnID AS INT, @dbName sysname, @query VARCHAR(MAX), @instanceName sysname;\r\n\r\nSELECT  @instanceName = 'DATABASE-SQL-02', @dbName = '$dbname$';\r\n\r\nSET @dbnID = NULL;\r\n\r\nIF @dbName IS NOT NULL\r\nBEGIN\r\n    SELECT  @dbnID = dbn.dbnID\r\n    FROM    waitsDBName dbn\r\n    WHERE   dbn.DBName = @dbName;\r\nEND;\r\n\r\nDECLARE @qID AS INT;\r\n\r\nSELECT  @qID = 1;\r\n\r\nDECLARE @iMonitorID AS INT;\r\n\r\nSET @iMonitorID = NULL;\r\n\r\nSELECT  @iMonitorID = i.iMonitorID\r\nFROM    [dbo].[instanceMonitor] i\r\nWHERE   i.InstanceName = @instanceName;\r\n\r\nDECLARE @startDate AS DATETIME;\r\n\r\nSET @startDate = GETDATE() - $nodate$;\r\n-- Truncated to the hour\r\nSET @startDate = DATEADD(DAY, DATEDIFF(DAY, 0, @startDate), 0);\r\n\r\n;WITH\r\nthePeriodCTE AS (SELECT @startDate AS CalendarDate, 0 AS DayHourMinute\r\n                 UNION ALL\r\n                 SELECT DATEADD(DAY, 1, CalendarDate) AS CalendarDate, DayHourMinute + 1\r\n                 FROM   thePeriodCTE\r\n                 WHERE  CalendarDate < GETDATE() - 1)\r\n,\r\nwaitTypesCTE AS (SELECT DISTINCT\r\n                        w.last_wait_type AS wType   --lwt.LastWaitType as wType\r\n                 FROM   [dbo].[waitsNormalized] w\r\n                 WHERE  w.logTime > @startDate\r\n                        AND w.iMonitorID = @iMonitorID\r\n                        AND @dbnID = w.dbname\r\n                        AND w.query = @qID)\r\n,\r\nTimesAndTypesCTE AS (SELECT p.CalendarDate, wt.wType\r\n                     FROM   thePeriodCTE p\r\n                            CROSS JOIN waitTypesCTE wt)\r\n,\r\nWaitTypeTimeCTE AS (SELECT  logTime, last_wait_type AS LastWaitType, SUM(waittime) AS waittime\r\n                    FROM\r\n                    (\r\n                        SELECT  DATEADD(DAY, DATEDIFF(DAY, 0, w.logTime), 0) logTime\r\n                                , w.last_wait_type  --lwt.LastWaitType, \r\n                                , w.waittime\r\n                        FROM    [dbo].[waitsNormalized] w\r\n                        --INNER JOIN [dbo].[waitsLastWaitType] lwt on w.last_wait_type = lwt.lwtID \r\n                        WHERE   w.query = @qID\r\n                                AND w.logTime > @startDate\r\n                                AND w.iMonitorID = @iMonitorID\r\n                                AND @dbnID = w.dbname\r\n                    ) AS t\r\n                    GROUP BY logTime, t.last_wait_type)\r\nSELECT  CalendarDate, lwt.LastWaitType, waittime\r\nFROM\r\n(\r\n    SELECT  tat.CalendarDate, tat.wType, ISNULL(SUM(w.waittime), 0) AS waittime\r\n    FROM    TimesAndTypesCTE tat\r\n            INNER JOIN WaitTypeTimeCTE w ON tat.CalendarDate = w.logTime\r\n                                           AND tat.wType = w.LastWaitType\r\n    GROUP BY tat.CalendarDate, tat.wType\r\n    HAVING  tat.CalendarDate >=\r\n    (\r\n        SELECT  MIN(logTime)FROM    WaitTypeTimeCTE\r\n    )\r\n) AS t \r\nINNER JOIN [dbo].[waitsLastWaitType] lwt ON t.wType = lwt.lwtID\r\nORDER BY t.CalendarDate ASC, t.wType\r\nOPTION (MAXRECURSION 0);\r\n\r\n--SELECT * FROM [dbo].[waitsQueries]",
  "placeholders": [
    {
      "name": "dbname",
      "defaultValue": "master"
    },
    {
      "name": "nodate",
      "defaultValue": "3"
    }
  ]
}