{
  "id": "bf0eb27e-9612-466a-b752-866b004371d8",
  "prefix": "waitbyquery",
  "description": "show wait type accoring query",
  "body": "DECLARE @instanceName sysname = 'DATABASE-SQL-02', @dbName sysname = '$dbname$';\r\n\r\nSELECT  lwt.LastWaitType, SUM(w.waittime) AS totalWaitTime\r\nFROM    [dbo].[waitsNormalized] w\r\n        INNER JOIN [dbo].[instanceMonitor] i ON i.iMonitorID = w.iMonitorID\r\n        INNER JOIN [dbo].[waitsQueries] q ON w.query = q.wqID\r\n        INNER JOIN [dbo].[waitsDBName] db ON db.dbnID = w.dbname\r\n        INNER JOIN [dbo].[waitsLastWaitType] lwt ON w.last_wait_type = lwt.lwtID\r\nWHERE   w.waittime > 0\r\n        AND w.logTime > GETDATE() - 1\r\n        AND i.InstanceName = @instanceName\r\n        AND db.DBName = @dbName\r\n        AND q.wqID = '$query_id$'\r\nGROUP BY db.DBName, lwt.LastWaitType\r\nORDER BY totalWaitTime DESC;",
  "placeholders": [
    {
      "name": "dbname",
      "defaultValue": null
    },
    {
      "name": "query_id",
      "defaultValue": "481"
    }
  ]
}